{
    "balanced_model": {
        "balanced_test": {
            "loss": [
                0.4373208284378052,
                0.8418741226196289,
                1.0647716522216797,
                1.1718518733978271,
                1.297625184059143,
                1.3094978332519531,
                1.4460514783859253,
                1.4952361583709717,
                1.7995226383209229,
                1.8947160243988037,
                1.9655742645263672,
                0.4102814197540283,
                2.05972957611084,
                0.4264547526836395,
                0.4444383680820465,
                0.5250345468521118,
                0.4662807881832123,
                0.5619722008705139,
                0.6054219603538513,
                0.6035657525062561
            ],
            "accuracy": [
                0.8899473547935486,
                0.7568420767784119,
                0.6843158006668091,
                0.6460000276565552,
                0.6048421263694763,
                0.597789466381073,
                0.5481578707695007,
                0.5522105097770691,
                0.4244210422039032,
                0.35389474034309387,
                0.33210524916648865,
                0.890999972820282,
                0.3131578862667084,
                0.8813157677650452,
                0.8838947415351868,
                0.8712631464004517,
                0.8686316013336182,
                0.8476842045783997,
                0.8435789346694946,
                0.8279473781585693
            ]
        },
        "imbalanced_test": {
            "loss": [
                0.4900907278060913,
                0.9999536275863647,
                1.2952635288238525,
                1.4216811656951904,
                1.581065058708191,
                1.5804400444030762,
                1.7355645895004272,
                1.7887507677078247,
                2.0938775539398193,
                2.171212673187256,
                2.2402544021606445,
                0.4687633514404297,
                2.29712176322937,
                0.4983750581741333,
                0.52503502368927,
                0.5914306044578552,
                0.5624762177467346,
                0.682182788848877,
                0.719535231590271,
                0.7289280295372009
            ],
            "accuracy": [
                0.875,
                0.7059999704360962,
                0.5997368693351746,
                0.5528947114944458,
                0.5012631416320801,
                0.49073684215545654,
                0.4358947277069092,
                0.4353684186935425,
                0.29710525274276733,
                0.2390526384115219,
                0.21905262768268585,
                0.8772631287574768,
                0.2007894665002823,
                0.8628947138786316,
                0.8611052632331848,
                0.8559473752975464,
                0.8414736986160278,
                0.8112105131149292,
                0.8102105259895325,
                0.7875789403915405
            ]
        }
    },
    "imbalanced_model": {
        "balanced_test": {
            "loss": [
                0.4509565234184265,
                0.8952460885047913,
                1.1034255027770996,
                1.2373380661010742,
                1.2710233926773071,
                1.3823657035827637,
                1.5489864349365234,
                1.6341172456741333,
                2.1157517433166504,
                2.1935577392578125,
                2.2511823177337646,
                0.4217834770679474,
                2.356501579284668,
                0.4532848000526428,
                0.4941311180591583,
                0.5542574524879456,
                0.5061509013175964,
                0.5654052495956421,
                0.6534816026687622,
                0.6415591239929199
            ],
            "accuracy": [
                0.8857368230819702,
                0.7477895021438599,
                0.6818420886993408,
                0.6437894701957703,
                0.6330526471138,
                0.6119473576545715,
                0.5339473485946655,
                0.523894727230072,
                0.3198947310447693,
                0.22005262970924377,
                0.21868421137332916,
                0.8923158049583435,
                0.16931578516960144,
                0.8764210343360901,
                0.8711052536964417,
                0.8669999837875366,
                0.8574210405349731,
                0.8459473848342896,
                0.8249473571777344,
                0.8161052465438843
            ]
        },
        "imbalanced_test": {
            "loss": [
                0.4292618930339813,
                0.9223707914352417,
                1.176815152168274,
                1.3271678686141968,
                1.3567615747451782,
                1.421726942062378,
                1.5860155820846558,
                1.7391266822814941,
                2.124061107635498,
                2.1624786853790283,
                2.2283976078033447,
                0.4260934889316559,
                2.260972738265991,
                0.45549818873405457,
                0.5015254020690918,
                0.5498483777046204,
                0.5194568634033203,
                0.5887768268585205,
                0.6792721748352051,
                0.6714514493942261
            ],
            "accuracy": [
                0.8882631659507751,
                0.7304210662841797,
                0.6514737010002136,
                0.6116315722465515,
                0.5962105393409729,
                0.5831052660942078,
                0.5271052718162537,
                0.4714210629463196,
                0.3037368357181549,
                0.23410525918006897,
                0.22215789556503296,
                0.8910526037216187,
                0.20999999344348907,
                0.8741052746772766,
                0.8694736957550049,
                0.8614736795425415,
                0.852210521697998,
                0.8377894759178162,
                0.8170526027679443,
                0.804736852645874
            ]
        }
    }
}